{
  "generation": 5,
  "best_winrate": 1.0,
  "weights": {
    "attack_adjacent": 3.8125540003757563,
    "rush_enemy_city": 3.7447886103481167,
    "defend_own_city": 1.8672843175754497,
    "intercept_near_city": 2.117878862818632,
    "retreat_hp_threshold": 0.09948292653976659,
    "terrain_def_weight": 0.0035456890877823,
    "retreat_terrain_bonus": 0.21325304531473027,
    "archer_keep_distance": 3.1855668865068982,
    "archer_prefer_high": 1.0,
    "build_efficiency": 2.4949965880835383,
    "resource_variety": 0.24132555569790293,
    "research_priority": 1.283060756942038,
    "military_tech_bias": 1.0,
    "cavalry_production": 3.0,
    "archer_production": 0.6432893279470511
  }
}