{
  "weights": {
    "attack_adjacent": 2.5142601698955653,
    "defend_own_city": 0.05339997040206985,
    "retreat_hp_threshold": 0.14960246755023762,
    "rush_enemy_city": 0.20213880672722398,
    "intercept_near_city": 0.13794684027541204,
    "retreat_terrain_bonus": 0.2175800496006407,
    "archer_keep_distance": 1.1823390351442786,
    "research_priority": 0.37887741108479145,
    "archer_prefer_high": 0.40800919610893727,
    "build_efficiency": 3.682532150821368,
    "cavalry_production": 0.17870698323010553,
    "terrain_def_weight": 0.019498452205613602,
    "resource_variety": 0.01,
    "military_tech_bias": 0.6248323463512118,
    "archer_production": 0.2686351928954561
  },
  "fitness": 0.85,
  "generation": 60
}