{
  "fitness": 0.15,
  "strategy_weights": {
    "aggression": 1.1117139012242585,
    "construction": 1.13364292333761,
    "defense": 1.0587319633495214,
    "greed": 1.235429396381143
  },
  "tactic_weights": {
    "Aggressive": {
      "research_pref": 1.3283760874285027,
      "rush_weight": 1.012894476834624,
      "unit_pref": 1.5392644465438414
    },
    "Construction": {
      "research_pref": 1.0561296101251387,
      "rush_weight": 0.9448317800716948,
      "unit_pref": 1.69628002975274
    },
    "Defensive": {
      "research_pref": 1.1838277010473863,
      "rush_weight": 1.4594752565599087,
      "unit_pref": 1.489476368699156
    },
    "Greed": {
      "research_pref": 0.8999995089297658,
      "rush_weight": 0.9431948189452994,
      "unit_pref": 1.155426155530093
    }
  }
}