{
  "fitness": 0.12000000000000002,
  "strategy_weights": {
    "aggression": 1.6770827271756248,
    "construction": 0.6281215663727717,
    "defense": 0.302005628772794,
    "greed": 1.0876791129988983
  },
  "tactic_weights": {
    "Aggressive": {
      "research_pref": 1.7527063705928922,
      "rush_weight": 1.6397515175161952,
      "unit_pref": 1.3312605824309116
    },
    "Construction": {
      "research_pref": 1.3903392925314353,
      "rush_weight": 1.4468332758406826,
      "unit_pref": 1.9808849289764658
    },
    "Defensive": {
      "research_pref": 1.6702240236728332,
      "rush_weight": 1.5879395299364485,
      "unit_pref": 1.6212302892665666
    },
    "Greed": {
      "research_pref": 2.1305316256071136,
      "rush_weight": 0.9451331296448426,
      "unit_pref": 1.0650288129341927
    }
  }
}