{
  "fitness": 0.8666666666666668,
  "generation": 80,
  "weights": {
    "archer_cav": 0.1615843148176904,
    "archer_keep_distance": 0.08230677500193648,
    "archer_prefer_high": 0.02048410272352711,
    "archer_production": 0.13767147276599034,
    "attack_adjacent": 2.000969230266956,
    "branch_white_enemy": 0.610315715249629,
    "build_efficiency": 3.506204241316419,
    "cavalry_production": 0.09085276920498624,
    "crisis_mil": 0.49531203744472785,
    "defend_own_city": 0.049457830218362635,
    "enemy_aw_def": 0.43224467528206034,
    "expand_supp": 2.863091465697735,
    "fac_dist": 0.811961718850698,
    "inf_mountain": 0.2951097412470971,
    "intercept_near_city": 0.3762824076710393,
    "military_tech_bias": 0.01,
    "org_tech": 0.7516640363174013,
    "res_tech": 1.1044830984612424,
    "research_priority": 1.0153202394084455,
    "resource_variety": 0.010007172019473697,
    "retreat_hp_threshold": 0.01,
    "retreat_terrain_bonus": 1.477318245970993,
    "rush_enemy_city": 0.12225211301343744,
    "supp_mil": 0.3279870871636606,
    "supp_per_mil": 1.0021120793472202,
    "terrain_def_weight": 0.022446780120971618,
    "turn_branch": 0.4449459975377267
  }
}