{
  "fitness": 0.35,
  "generation": 40,
  "weights": {
    "archer_cav": 0.26765527831679264,
    "archer_keep_distance": 1.8807473918366717,
    "archer_prefer_high": 0.2830129370374802,
    "archer_production": 0.27901713884776147,
    "attack_adjacent": 1.474111089083162,
    "branch_white_enemy": 1.280257456176895,
    "build_efficiency": 2.2261948736365373,
    "cavalry_production": 0.738291617876354,
    "crisis_mil": 0.04027093738561085,
    "defend_own_city": 1.3843881303636298,
    "enemy_aw_def": 0.01242526242778872,
    "expand_supp": 0.631275727492711,
    "fac_dist": 0.04724518821882134,
    "inf_mountain": 0.16245749518843947,
    "intercept_near_city": 0.22412905285403273,
    "military_tech_bias": 0.7284187928644053,
    "org_tech": 0.033131723826496456,
    "res_tech": 0.4943801155354838,
    "research_priority": 2.1583509286836384,
    "resource_variety": 1.8946937660319834,
    "retreat_hp_threshold": 0.040732899857639365,
    "retreat_terrain_bonus": 3.5851960222627777,
    "rush_enemy_city": 1.7760573063164826,
    "supp_mil": 0.021073508346281605,
    "supp_per_mil": 2.4566581176736926,
    "terrain_def_weight": 0.013900109008102634,
    "turn_branch": 0.539925379926108
  }
}