{
  "fitness": 0.41,
  "generation": 100,
  "weights": {
    "archer_cav": 0.6261697903944099,
    "archer_keep_distance": 1.1842941586304665,
    "archer_prefer_high": 0.2946398498617078,
    "archer_production": 0.5695494700857546,
    "attack_adjacent": 1.8621446405008175,
    "branch_white_enemy": 0.8206793815108901,
    "build_efficiency": 1.8983417988905855,
    "cavalry_production": 0.01,
    "crisis_mil": 0.24978743172477386,
    "defend_own_city": 0.01,
    "enemy_aw_def": 0.40934337490431894,
    "expand_supp": 0.8876330304631115,
    "fac_dist": 0.18795571432655547,
    "inf_mountain": 0.2731166434822804,
    "intercept_near_city": 0.38164322796495287,
    "military_tech_bias": 0.6235543957560253,
    "org_tech": 0.20350171571347503,
    "res_tech": 0.4787715537875192,
    "research_priority": 1.8901534190074007,
    "resource_variety": 2.0536343186082333,
    "retreat_hp_threshold": 0.01,
    "retreat_terrain_bonus": 0.9339795137272088,
    "rush_enemy_city": 1.9646083753574335,
    "supp_mil": 0.1876482800625372,
    "supp_per_mil": 2.0709763140187976,
    "terrain_def_weight": 0.01,
    "turn_branch": 0.2527914514751659
  }
}