{"loss": [1.30927660335218, 1.1267059570365645, 1.1079781215087547, 1.0944951081668641, 1.0828483524639685, 1.0727261896641158, 1.0644549125651976, 1.0575718861191232, 1.051213482505662, 1.0455176302032039, 1.041868501746303, 1.038320227008371, 1.035014898923902, 1.03222301897213, 1.030137200658619, 1.0283753059541512, 1.0265715094954444, 1.0249562330834368, 1.0239309646654804, 1.0224063653815112, 1.020931637403227, 1.0197239565098442, 1.0188117859128782, 1.0176889112126373, 1.0161521539504161, 1.0150503781636337, 1.0140888074066927, 1.013227334023328, 1.0119884208772638, 1.0113249717110968, 1.0104492458199876, 1.0094871123198241, 1.0087676498638352, 1.0078315038369459, 1.0070884709591128, 1.0062497058057054, 1.0057162766281886, 1.004675971563432, 1.004152985195408, 1.0035405858015278, 1.0028362542959481, 1.0022889875346102, 1.0015305123900782, 1.0010452372072112, 1.0000877479429728, 0.9995229939781368, 0.9988669217822417, 0.9981518419208119, 0.9978390322404029, 0.9973070342822226], "val_loss": [1.1342502050583978, 1.111147584661209, 1.0954236641561048, 1.081718645948019, 1.0872434680576855, 1.0608718841826401, 1.0710411970856408, 1.0593732768737987, 1.0449228228631926, 1.0464790321529382, 1.03947432135484, 1.0323546077805659, 1.030375272891741, 1.027027042499482, 1.0270822737499417, 1.0245182892159528, 1.0229626815504769, 1.0204330142464593, 1.0211475318379777, 1.0173245555999364, 1.0162012867177215, 1.0234025200658114, 1.0145849470517534, 1.0165379331543831, 1.0179872578497664, 1.0123826747512206, 1.0123843941155575, 1.0111455045006683, 1.011349976828899, 1.0088452908847667, 1.0263857315895035, 1.0082201501954586, 1.0111468067632972, 1.003798055936675, 1.0034345207612467, 1.0083445850887118, 1.0016557482467918, 1.0008196580642807, 1.004074144709876, 0.9995671477265176, 1.0022209615060098, 1.0012063732211294, 1.00341316644599, 0.9996811145887591, 1.0044297555643047, 1.0147488436081884, 0.9979147486294696, 0.9987230419074207, 0.9985045742922037, 0.9936299353178791], "val_accuracy": [0.4422592843760417, 0.4466787738071976, 0.4533626050275284, 0.46452914334317996, 0.4652820082527787, 0.4721095159825749, 0.46685095573614094, 0.4753680992172504, 0.478534729485868, 0.4782243882254227, 0.4796841415615912, 0.482563418811278, 0.48226457167159, 0.4830404248227032, 0.48086228893920757, 0.48394271330214594, 0.48444270755508556, 0.48331053666049817, 0.4822818128527258, 0.48759784370294595, 0.4847587958759095, 0.4825059482074919, 0.48472431351363776, 0.481695612694107, 0.48394271330214594, 0.48540821369869314, 0.48168986563372834, 0.4786209353915472, 0.48335651314352707, 0.4861208491856415, 0.4785174883047321, 0.4871668141745497, 0.48864380869185414, 0.4878679555407409, 0.48703463178584155, 0.48637371984230066, 0.48953460305053964, 0.4879771496879346, 0.48836794979368053, 0.48959207365432583, 0.48936793829955977, 0.486264525695107, 0.48401742508706797, 0.4903506856243032, 0.48549441960437234, 0.4803278123239963, 0.4881553085596717, 0.4873737083481799, 0.48695992000091953, 0.49304605694187426]}