{
  "best_winrate": 1.0,
  "weights": {
    "attack_adjacent": 4.638363804222239,
    "rush_enemy_city": 5.0,
    "defend_own_city": 2.4025953908244473,
    "intercept_near_city": 0.7871636396974163,
    "retreat_hp_threshold": 0.7334212622635724,
    "terrain_def_weight": 0.12622097487420625,
    "retreat_terrain_bonus": 0.43307376525654834,
    "archer_keep_distance": 2.9751755322501383,
    "archer_prefer_high": 0.7402206469785755,
    "build_efficiency": 1.9996350045050257,
    "resource_variety": 0.35965984184137256,
    "research_priority": 0.5033674301034068,
    "military_tech_bias": 0.8266311596500596,
    "cavalry_production": 0.8121546263287767,
    "archer_production": 0.7387274190120874
  }
}